
{
  "header": {
    "event": "Allocation failed - JavaScript heap out of memory",
    "trigger": "FatalError",
    "filename": "report.20200512.133038.10000.0.001.json",
    "dumpEventTime": "2020-05-12T13:30:38Z",
    "dumpEventTimeStamp": "1589261438057",
    "processId": 10000,
    "cwd": "F:\\vue123",
    "commandLine": [
      "D:\\nodejs symlink\\node.exe",
      "F:\\vue123\\node_modules\\_worker-farm@1.7.0@worker-farm\\lib\\child\\index.js",
      "D:\\nodejs symlink\\node.exe",
      "F:\\vue123\\node_modules\\_@vue_cli-service@3.5.3@@vue\\cli-service\\bin\\vue-cli-service.js",
      "build"
    ],
    "nodejsVersion": "v12.4.0",
    "wordSize": 64,
    "arch": "x64",
    "platform": "win32",
    "componentVersions": {
      "node": "12.4.0",
      "v8": "7.4.288.27-node.18",
      "uv": "1.29.1",
      "zlib": "1.2.11",
      "brotli": "1.0.7",
      "ares": "1.15.0",
      "modules": "72",
      "nghttp2": "1.38.0",
      "napi": "4",
      "llhttp": "1.1.3",
      "http_parser": "2.8.0",
      "openssl": "1.1.1b",
      "cldr": "35.1",
      "icu": "64.2",
      "tz": "2019a",
      "unicode": "12.1"
    },
    "release": {
      "name": "node",
      "headersUrl": "https://nodejs.org/download/release/v12.4.0/node-v12.4.0-headers.tar.gz",
      "sourceUrl": "https://nodejs.org/download/release/v12.4.0/node-v12.4.0.tar.gz",
      "libUrl": "https://nodejs.org/download/release/v12.4.0/win-x64/node.lib"
    },
    "osName": "Windows_NT",
    "osRelease": "10.0.17763",
    "osVersion": "Windows 10 Home China",
    "osMachine": "x86_64",
    "host": "DESKTOP-NBEF9GE"
  },
  "javascriptStack": {
    "message": "No stack.",
    "stack": [
      "Unavailable."
    ]
  },
  "nativeStack": [
    {
      "pc": "0x00007ff63bc564a9",
      "symbol": ""
    },
    {
      "pc": "0x00007ff63bc59d94",
      "symbol": ""
    },
    {
      "pc": "0x00007ff63bc58db8",
      "symbol": ""
    },
    {
      "pc": "0x00007ff63bd4256b",
      "symbol": ""
    },
    {
      "pc": "0x00007ff63c07a56e",
      "symbol": ""
    },
    {
      "pc": "0x00007ff63c04e5ea",
      "symbol": ""
    },
    {
      "pc": "0x00007ff63c0e4a3c",
      "symbol": ""
    },
    {
      "pc": "0x00007ff63c3efb43",
      "symbol": ""
    },
    {
      "pc": "0x00007ff63c3edecb",
      "symbol": ""
    },
    {
      "pc": "0x00007ff63c0e9f4d",
      "symbol": ""
    },
    {
      "pc": "0x00007ff63c0ebb9e",
      "symbol": ""
    },
    {
      "pc": "0x00007ff63c0e2e23",
      "symbol": ""
    },
    {
      "pc": "0x00007ff63c0e1524",
      "symbol": ""
    },
    {
      "pc": "0x00007ff63c122153",
      "symbol": ""
    },
    {
      "pc": "0x00007ff63c448e3d",
      "symbol": ""
    },
    {
      "pc": "0x00007ff63c8e4196",
      "symbol": ""
    }
  ],
  "javascriptHeap": {
    "totalMemory": 92991488,
    "totalCommittedMemory": 92991488,
    "usedMemory": 51711440,
    "availableMemory": 2144457008,
    "memoryLimit": 2197815296,
    "heapSpaces": {
      "read_only_space": {
        "memorySize": 524288,
        "committedMemory": 524288,
        "capacity": 523976,
        "used": 31712,
        "available": 492264
      },
      "new_space": {
        "memorySize": 33554432,
        "committedMemory": 33554432,
        "capacity": 16767232,
        "used": 97712,
        "available": 16669520
      },
      "old_space": {
        "memorySize": 45211648,
        "committedMemory": 45211648,
        "capacity": 39930648,
        "used": 39469344,
        "available": 461304
      },
      "code_space": {
        "memorySize": 1212416,
        "committedMemory": 1212416,
        "capacity": 439808,
        "used": 439808,
        "available": 0
      },
      "map_space": {
        "memorySize": 1052672,
        "committedMemory": 1052672,
        "capacity": 297040,
        "used": 297040,
        "available": 0
      },
      "large_object_space": {
        "memorySize": 11386880,
        "committedMemory": 11386880,
        "capacity": 11372368,
        "used": 11372368,
        "available": 0
      },
      "code_large_object_space": {
        "memorySize": 49152,
        "committedMemory": 49152,
        "capacity": 3456,
        "used": 3456,
        "available": 0
      },
      "new_large_object_space": {
        "memorySize": 0,
        "committedMemory": 0,
        "capacity": 16767232,
        "used": 0,
        "available": 16767232
      }
    }
  },
  "resourceUsage": {
    "userCpuSeconds": 2.609,
    "kernelCpuSeconds": 0.312,
    "cpuConsumptionPercent": 73.025,
    "maxRss": 110612480,
    "pageFaults": {
      "IORequired": 73390,
      "IONotRequired": 0
    },
    "fsActivity": {
      "reads": 46,
      "writes": 126
    }
  },
  "libuv": [
  ],
  "environmentVariables": {
    "ALLUSERSPROFILE": "C:\\ProgramData",
    "APPDATA": "C:\\Users\\Administrator\\AppData\\Roaming",
    "BABEL_ENV": "production",
    "CommonProgramFiles": "C:\\Program Files\\Common Files",
    "CommonProgramFiles(x86)": "C:\\Program Files (x86)\\Common Files",
    "CommonProgramW6432": "C:\\Program Files\\Common Files",
    "COMPUTERNAME": "DESKTOP-NBEF9GE",
    "ComSpec": "C:\\windows\\system32\\cmd.exe",
    "dp0": "F:\\vue123\\node_modules\\.bin\\",
    "DriverData": "C:\\Windows\\System32\\Drivers\\DriverData",
    "ENV": "production",
    "HOME": "C:\\Users\\Administrator",
    "HOMEDRIVE": "C:",
    "HOMEPATH": "\\Users\\Administrator",
    "INIT_CWD": "F:\\vue123",
    "LOCALAPPDATA": "C:\\Users\\Administrator\\AppData\\Local",
    "LOGONSERVER": "\\\\DESKTOP-NBEF9GE",
    "NODE": "D:\\nodejs symlink\\node.exe",
    "NODE_ENV": "production",
    "npm_config_access": "",
    "npm_config_allow_same_version": "",
    "npm_config_also": "",
    "npm_config_always_auth": "",
    "npm_config_argv={\"remain\":[],\"cooked\":[\"--userconfig\",\"C:\\\\Users\\\\Administrator\\\\.cnpmrc\",\"--disturl\",\"https://npm.taobao.org/mirrors/node\",\"--registry\",\"https://r.npm.taobao.org\",\"run\",\"build:prod\"],\"original\":[\"--userconfig=C:\\\\Users\\\\Administrator\\\\.cnpmrc\",\"--disturl=https://npm.taobao.org/mirrors/node\",\"--registry": "https://r.npm.taobao.org\",\"run\",\"build:prod\"]}",
    "npm_config_audit": "true",
    "npm_config_audit_level": "low",
    "npm_config_auth_type": "legacy",
    "npm_config_before": "",
    "npm_config_bin_links": "true",
    "npm_config_browser": "",
    "npm_config_ca": "",
    "npm_config_cache": "C:\\Users\\Administrator\\AppData\\Roaming\\npm-cache",
    "npm_config_cache_lock_retries": "10",
    "npm_config_cache_lock_stale": "60000",
    "npm_config_cache_lock_wait": "10000",
    "npm_config_cache_max": "Infinity",
    "npm_config_cache_min": "10",
    "npm_config_cafile": "",
    "npm_config_cert": "",
    "npm_config_cidr": "",
    "npm_config_color": "true",
    "npm_config_commit_hooks": "true",
    "npm_config_depth": "Infinity",
    "npm_config_description": "true",
    "npm_config_dev": "",
    "npm_config_disturl": "https://npm.taobao.org/mirrors/node",
    "npm_config_dry_run": "",
    "npm_config_editor": "notepad.exe",
    "npm_config_engine_strict": "",
    "npm_config_fetch_retries": "2",
    "npm_config_fetch_retry_factor": "10",
    "npm_config_fetch_retry_maxtimeout": "60000",
    "npm_config_fetch_retry_mintimeout": "10000",
    "npm_config_force": "",
    "npm_config_format_package_lock": "true",
    "npm_config_fund": "true",
    "npm_config_git": "git",
    "npm_config_git_tag_version": "true",
    "npm_config_global": "",
    "npm_config_globalconfig": "D:\\nodejs symlink\\etc\\npmrc",
    "npm_config_globalignorefile": "D:\\nodejs symlink\\etc\\npmignore",
    "npm_config_global_style": "",
    "npm_config_group": "",
    "npm_config_ham_it_up": "",
    "npm_config_heading": "npm",
    "npm_config_https_proxy": "",
    "npm_config_if_present": "",
    "npm_config_ignore_prepublish": "",
    "npm_config_ignore_scripts": "",
    "npm_config_init_author_email": "",
    "npm_config_init_author_name": "",
    "npm_config_init_author_url": "",
    "npm_config_init_license": "ISC",
    "npm_config_init_module": "C:\\Users\\Administrator\\.npm-init.js",
    "npm_config_init_version": "1.0.0",
    "npm_config_json": "",
    "npm_config_key": "",
    "npm_config_legacy_bundling": "",
    "npm_config_link": "",
    "npm_config_local_address": "",
    "npm_config_loglevel": "notice",
    "npm_config_logs_max": "10",
    "npm_config_long": "",
    "npm_config_maxsockets": "50",
    "npm_config_message": "%s",
    "npm_config_metrics_registry": "https://r.npm.taobao.org/",
    "npm_config_node_gyp": "D:\\nvm\\v12.4.0\\node_modules\\cnpm\\node_modules\\npm\\node_modules\\node-gyp\\bin\\node-gyp.js",
    "npm_config_node_options": "",
    "npm_config_node_version": "12.4.0",
    "npm_config_noproxy": "",
    "npm_config_offline": "",
    "npm_config_onload_script": "",
    "npm_config_only": "",
    "npm_config_optional": "true",
    "npm_config_otp": "",
    "npm_config_package_lock": "true",
    "npm_config_package_lock_only": "",
    "npm_config_parseable": "",
    "npm_config_prefer_offline": "",
    "npm_config_prefer_online": "",
    "npm_config_prefix": "D:\\nodejs symlink",
    "npm_config_preid": "",
    "npm_config_production": "",
    "npm_config_progress": "true",
    "npm_config_proxy": "",
    "npm_config_read_only": "",
    "npm_config_rebuild_bundle": "true",
    "npm_config_registry": "https://r.npm.taobao.org/",
    "npm_config_rollback": "true",
    "npm_config_save": "true",
    "npm_config_save_bundle": "",
    "npm_config_save_dev": "",
    "npm_config_save_exact": "",
    "npm_config_save_optional": "",
    "npm_config_save_prefix": "^",
    "npm_config_save_prod": "",
    "npm_config_scope": "",
    "npm_config_scripts_prepend_node_path": "warn-only",
    "npm_config_script_shell": "",
    "npm_config_searchexclude": "",
    "npm_config_searchlimit": "20",
    "npm_config_searchopts": "",
    "npm_config_searchstaleness": "900",
    "npm_config_send_metrics": "",
    "npm_config_shell": "C:\\windows\\system32\\cmd.exe",
    "npm_config_shrinkwrap": "true",
    "npm_config_sign_git_commit": "",
    "npm_config_sign_git_tag": "",
    "npm_config_sso_poll_frequency": "500",
    "npm_config_sso_type": "oauth",
    "npm_config_strict_ssl": "true",
    "npm_config_tag": "latest",
    "npm_config_tag_version_prefix": "v",
    "npm_config_timing": "",
    "npm_config_tmp": "C:\\Users\\ADMINI~1\\AppData\\Local\\Temp",
    "npm_config_umask": "0000",
    "npm_config_unicode": "",
    "npm_config_unsafe_perm": "true",
    "npm_config_update_notifier": "true",
    "npm_config_usage": "",
    "npm_config_user": "",
    "npm_config_userconfig": "C:\\Users\\Administrator\\.cnpmrc",
    "npm_config_user_agent": "npm/6.14.4 node/v12.4.0 win32 x64",
    "npm_config_version": "",
    "npm_config_versions": "",
    "npm_config_viewer": "browser",
    "npm_execpath": "D:\\nvm\\v12.4.0\\node_modules\\cnpm\\node_modules\\npm\\bin\\npm-cli.js",
    "npm_lifecycle_event": "build:prod",
    "npm_lifecycle_script": "vue-cli-service build",
    "npm_node_execpath": "D:\\nodejs symlink\\node.exe",
    "npm_package_author_name": "king",
    "npm_package_browserslist_0": "> 1%",
    "npm_package_browserslist_1": "last 2 versions",
    "npm_package_dependencies_ali_oss": "^6.4.0",
    "npm_package_dependencies_axios": "0.18.1",
    "npm_package_dependencies_clipboard": "^2.0.4",
    "npm_package_dependencies_echarts": "4.2.1",
    "npm_package_dependencies_element_ui": "2.11.1",
    "npm_package_dependencies_fuse_js": "3.4.4",
    "npm_package_dependencies_js_cookie": "2.2.0",
    "npm_package_dependencies_normalize_css": "7.0.0",
    "npm_package_dependencies_nprogress": "0.2.0",
    "npm_package_dependencies_path_to_regexp": "2.4.0",
    "npm_package_dependencies_screenfull": "4.2.0",
    "npm_package_dependencies_vue": "2.6.10",
    "npm_package_dependencies_vuex": "3.1.0",
    "npm_package_dependencies_vue_baidu_map": "^0.21.22",
    "npm_package_dependencies_vue_count_to": "1.0.13",
    "npm_package_dependencies_vue_cropper": "0.4.9",
    "npm_package_dependencies_vue_quill_editor": "3.0.6",
    "npm_package_dependencies_vue_router": "3.0.2",
    "npm_package_dependencies_vue_splitpane": "1.0.4",
    "npm_package_dependencies__riophae_vue_treeselect": "0.1.0",
    "npm_package_description": "智能运维云平台操作后台",
    "npm_package_devDependencies_autoprefixer": "^9.5.1",
    "npm_package_devDependencies_babel_core": "7.0.0-bridge.0",
    "npm_package_devDependencies_babel_eslint": "10.0.1",
    "npm_package_devDependencies_babel_jest": "23.6.0",
    "npm_package_devDependencies_chalk": "2.4.2",
    "npm_package_devDependencies_chokidar": "2.1.5",
    "npm_package_devDependencies_connect": "3.6.6",
    "npm_package_devDependencies_eslint": "5.15.3",
    "npm_package_devDependencies_eslint_plugin_vue": "5.2.2",
    "npm_package_devDependencies_html_webpack_plugin": "3.2.0",
    "npm_package_devDependencies_http_proxy_middleware": "^0.19.1",
    "npm_package_devDependencies_husky": "1.3.1",
    "npm_package_devDependencies_lint_staged": "8.1.5",
    "npm_package_devDependencies_mockjs": "1.0.1-beta3",
    "npm_package_devDependencies_node_sass": "^4.13.0",
    "npm_package_devDependencies_plop": "2.3.0",
    "npm_package_devDependencies_runjs": "^4.3.2",
    "npm_package_devDependencies_sass_loader": "^7.1.0",
    "npm_package_devDependencies_script_ext_html_webpack_plugin": "2.1.3",
    "npm_package_devDependencies_script_loader": "0.7.2",
    "npm_package_devDependencies_serve_static": "^1.13.2",
    "npm_package_devDependencies_svgo": "1.2.0",
    "npm_package_devDependencies_svg_sprite_loader": "4.1.3",
    "npm_package_devDependencies_vue_template_compiler": "2.6.10",
    "npm_package_devDependencies__babel_core": "7.0.0",
    "npm_package_devDependencies__babel_register": "7.0.0",
    "npm_package_devDependencies__vue_cli_plugin_babel": "3.5.3",
    "npm_package_devDependencies__vue_cli_plugin_eslint": "^3.9.1",
    "npm_package_devDependencies__vue_cli_plugin_unit_jest": "3.5.3",
    "npm_package_devDependencies__vue_cli_service": "3.5.3",
    "npm_package_devDependencies__vue_test_utils": "1.0.0-beta.29",
    "npm_package_engines_node=>": "8.9",
    "npm_package_engines_npm=>": " 3.0.0",
    "npm_package_gitHead": "3a7e2e93bc0ca423b121ef86bf9b11dc0cfce7a7",
    "npm_package_husky_hooks_pre_commit": "lint-staged",
    "npm_package_keywords_0": "vue",
    "npm_package_keywords_1": "admin",
    "npm_package_keywords_2": "dashboard",
    "npm_package_keywords_3": "element-ui",
    "npm_package_keywords_4": "boilerplate",
    "npm_package_keywords_5": "admin-template",
    "npm_package_keywords_6": "management-system",
    "npm_package_lint_staged_src_______js_vue__0": "eslint --fix",
    "npm_package_lint_staged_src_______js_vue__1": "git add",
    "npm_package_name": "king",
    "npm_package_readmeFilename": "README.md",
    "npm_package_scripts_build_prod": "vue-cli-service build",
    "npm_package_scripts_build_stage": "vue-cli-service build --mode staging",
    "npm_package_scripts_dev": "vue-cli-service serve",
    "npm_package_scripts_lint": "eslint --ext .js,.vue src",
    "npm_package_scripts_new": "plop",
    "npm_package_scripts_preview": "node build/index.js --preview",
    "npm_package_scripts_svgo=svgo -f src/icons/svg --config": "src/icons/svgo.yml",
    "npm_package_scripts_test_ci": "npm run lint && npm run test:unit",
    "npm_package_scripts_test_unit": "jest --clearCache && vue-cli-service test:unit",
    "npm_package_version": "1.0.0",
    "NUMBER_OF_PROCESSORS": "6",
    "NVM_HOME": "D:\\nvm",
    "NVM_SYMLINK": "D:\\nodejs symlink",
    "OneDrive": "C:\\Users\\Administrator\\OneDrive",
    "OneDriveConsumer": "C:\\Users\\Administrator\\OneDrive",
    "OnlineServices": "Online Services",
    "OS": "Windows_NT",
    "Path": "D:\\nvm\\v12.4.0\\node_modules\\cnpm\\node_modules\\npm\\node_modules\\npm-lifecycle\\node-gyp-bin;F:\\vue123\\node_modules\\.bin;C:\\windows\\system32;C:\\windows;C:\\windows\\System32\\Wbem;C:\\windows\\System32\\WindowsPowerShell\\v1.0\\;C:\\windows\\System32\\OpenSSH\\;D:\\Git\\cmd;%NVM_HOME%;%NVM_SYMLINK%;C:\\Users\\Administrator\\AppData\\Local\\Microsoft\\WindowsApps;D:\\Microsoft VS Code\\bin;D:\\nvm;D:\\nodejs symlink",
    "PATHEXT": ".COM;.EXE;.BAT;.CMD;.VBS;.VBE;.JSE;.WSF;.WSH;.MSC",
    "platformcode": "1M",
    "PROCESSOR_ARCHITECTURE": "AMD64",
    "PROCESSOR_IDENTIFIER": "Intel64 Family 6 Model 158 Stepping 10, GenuineIntel",
    "PROCESSOR_LEVEL": "6",
    "PROCESSOR_REVISION": "9e0a",
    "ProgramData": "C:\\ProgramData",
    "ProgramFiles": "C:\\Program Files",
    "ProgramFiles(x86)": "C:\\Program Files (x86)",
    "ProgramW6432": "C:\\Program Files",
    "PROMPT": "$P$G",
    "PSModulePath": "C:\\Program Files\\WindowsPowerShell\\Modules;C:\\windows\\system32\\WindowsPowerShell\\v1.0\\Modules",
    "PUBLIC": "C:\\Users\\Public",
    "RegionCode": "APJ",
    "SESSIONNAME": "Console",
    "SystemDrive": "C:",
    "SystemRoot": "C:\\windows",
    "TEMP": "C:\\Users\\ADMINI~1\\AppData\\Local\\Temp",
    "TMP": "C:\\Users\\ADMINI~1\\AppData\\Local\\Temp",
    "USERDOMAIN": "DESKTOP-NBEF9GE",
    "USERDOMAIN_ROAMINGPROFILE": "DESKTOP-NBEF9GE",
    "USERNAME": "Administrator",
    "USERPROFILE": "C:\\Users\\Administrator",
    "VUE_APP_BASE_API": "/admin-api",
    "VUE_CLI_BUILD_TARGET": "app",
    "VUE_CLI_ENTRY_FILES": "[\"F:\\\\vue123\\\\src\\\\main.js\"]",
    "windir": "C:\\windows",
    "_prog": "node"
  },
  "sharedObjects": [
    "D:\\nodejs symlink\\node.exe",
    "C:\\windows\\SYSTEM32\\ntdll.dll",
    "C:\\windows\\System32\\KERNEL32.DLL",
    "C:\\windows\\System32\\KERNELBASE.dll",
    "C:\\windows\\System32\\WS2_32.dll",
    "C:\\windows\\System32\\RPCRT4.dll",
    "C:\\windows\\System32\\ADVAPI32.dll",
    "C:\\windows\\System32\\msvcrt.dll",
    "C:\\windows\\System32\\sechost.dll",
    "C:\\windows\\System32\\USER32.dll",
    "C:\\windows\\System32\\win32u.dll",
    "C:\\windows\\System32\\GDI32.dll",
    "C:\\windows\\System32\\gdi32full.dll",
    "C:\\windows\\System32\\msvcp_win.dll",
    "C:\\windows\\System32\\ucrtbase.dll",
    "C:\\windows\\System32\\PSAPI.DLL",
    "C:\\windows\\System32\\CRYPT32.dll",
    "C:\\windows\\System32\\MSASN1.dll",
    "C:\\windows\\System32\\bcrypt.dll",
    "C:\\windows\\SYSTEM32\\dbghelp.dll",
    "C:\\windows\\SYSTEM32\\IPHLPAPI.DLL",
    "C:\\windows\\SYSTEM32\\USERENV.dll",
    "C:\\windows\\System32\\profapi.dll",
    "C:\\windows\\SYSTEM32\\WINMM.dll",
    "C:\\windows\\SYSTEM32\\WINMMBASE.dll",
    "C:\\windows\\System32\\cfgmgr32.dll",
    "C:\\windows\\System32\\IMM32.DLL",
    "C:\\windows\\System32\\powrprof.dll",
    "C:\\windows\\system32\\uxtheme.dll",
    "C:\\windows\\System32\\combase.dll",
    "C:\\windows\\System32\\bcryptPrimitives.dll",
    "C:\\windows\\system32\\mswsock.dll",
    "C:\\windows\\System32\\kernel.appcore.dll",
    "C:\\windows\\system32\\napinsp.dll",
    "C:\\windows\\system32\\pnrpnsp.dll",
    "C:\\windows\\SYSTEM32\\DNSAPI.dll",
    "C:\\windows\\System32\\NSI.dll",
    "C:\\windows\\System32\\winrnr.dll",
    "C:\\windows\\system32\\NLAapi.dll",
    "C:\\windows\\system32\\wshbth.dll"
  ]
}